id,name,pokemon_url,types,abilities,image_src,stats
810,Grookey,/pokedex-swsh/grookey/,['grass'],"['Overgrow', 'Grassy Surge']",/swordshield/pokemon/small/810.png,"['50', '65', '50', '40', '40', '65']"
811,Thwackey,/pokedex-swsh/thwackey/,['grass'],"['Overgrow', 'Grassy Surge']",/swordshield/pokemon/small/811.png,"['70', '85', '70', '55', '60', '80']"
812,Rillaboom,/pokedex-swsh/rillaboom/,['grass'],"['Overgrow', 'Grassy Surge']",/swordshield/pokemon/small/812.png,"['100', '125', '90', '60', '70', '85']"
813,Scorbunny,/pokedex-swsh/scorbunny/,['fire'],"['Blaze', 'Libero']",/swordshield/pokemon/small/813.png,"['50', '71', '40', '40', '40', '69']"
814,Raboot,/pokedex-swsh/raboot/,['fire'],"['Blaze', 'Libero']",/swordshield/pokemon/small/814.png,"['65', '86', '60', '55', '60', '94']"
815,Cinderace,/pokedex-swsh/cinderace/,['fire'],"['Blaze', 'Libero']",/swordshield/pokemon/small/815.png,"['80', '116', '75', '65', '75', '119']"
816,Sobble,/pokedex-swsh/sobble/,['water'],"['Torrent', 'Sniper']",/swordshield/pokemon/small/816.png,"['50', '40', '40', '70', '40', '70']"
817,Drizzile,/pokedex-swsh/drizzile/,['water'],"['Torrent', 'Sniper']",/swordshield/pokemon/small/817.png,"['65', '60', '55', '95', '55', '90']"
818,Inteleon,/pokedex-swsh/inteleon/,['water'],"['Torrent', 'Sniper']",/swordshield/pokemon/small/818.png,"['70', '85', '65', '125', '65', '120']"
824,Blipbug,/pokedex-swsh/blipbug/,['bug'],"['Swarm', 'Compoundeyes', 'Telepathy']",/swordshield/pokemon/small/824.png,"['25', '20', '20', '25', '45', '45']"
825,Dottler,/pokedex-swsh/dottler/,['bug'],"['Swarm', 'Compoundeyes', 'Telepathy']",/swordshield/pokemon/small/825.png,"['50', '35', '80', '50', '90', '30']"
826,Orbeetle,/pokedex-swsh/orbeetle/,['bug'],"['Swarm', 'Frisk', 'Telepathy']",/swordshield/pokemon/small/826.png,"['60', '45', '110', '80', '120', '90']"
010,Caterpie,/pokedex-swsh/caterpie/,['bug'],"['Shield Dust', 'Run Away']",/swordshield/pokemon/small/010.png,"['45', '30', '35', '20', '20', '45']"
011,Metapod,/pokedex-swsh/metapod/,['bug'],['Shed Skin'],/swordshield/pokemon/small/011.png,"['50', '20', '55', '25', '25', '30']"
012,Butterfree,/pokedex-swsh/butterfree/,['bug'],"['Compoundeyes', 'Tinted Lens']",/swordshield/pokemon/small/012.png,"['60', '45', '50', '90', '80', '70']"
736,Grubbin,/pokedex-swsh/grubbin/,['bug'],['Swarm'],/swordshield/pokemon/small/736.png,"['47', '62', '45', '55', '45', '46']"
737,Charjabug,/pokedex-swsh/charjabug/,['bug'],['Battery'],/swordshield/pokemon/small/737.png,"['57', '82', '95', '55', '75', '36']"
738,Vikavolt,/pokedex-swsh/vikavolt/,['bug'],['Levitate'],/swordshield/pokemon/small/738.png,"['77', '70', '90', '145', '75', '43']"
163,Hoothoot,/pokedex-swsh/hoothoot/,['normal'],"['Insomnia', 'Keen Eye', 'Tinted Lens']",/swordshield/pokemon/small/163.png,"['60', '30', '30', '36', '56', '50']"
164,Noctowl,/pokedex-swsh/noctowl/,['normal'],"['Insomnia', 'Keen Eye', 'Tinted Lens']",/swordshield/pokemon/small/164.png,"['100', '50', '50', '86', '96', '70']"
821,Rookidee,/pokedex-swsh/rookidee/,['flying'],"['Keen Eye', 'Unnerve', 'Big Pecks']",/swordshield/pokemon/small/821.png,"['38', '47', '35', '33', '35', '57']"
822,Corvisquire,/pokedex-swsh/corvisquire/,['flying'],"['Keen Eye', 'Unnerve', 'Big Pecks']",/swordshield/pokemon/small/822.png,"['68', '67', '55', '43', '55', '77']"
823,Corviknight,/pokedex-swsh/corviknight/,['flying'],"['Pressure', 'Unnerve', 'Mirror Armor']",/swordshield/pokemon/small/823.png,"['98', '87', '105', '53', '85', '67']"
819,Skwovet,/pokedex-swsh/skwovet/,['normal'],"['Cheek Pouch', 'Gluttony']",/swordshield/pokemon/small/819.png,"['70', '55', '55', '35', '35', '25']"
820,Greedent,/pokedex-swsh/greedent/,['normal'],"['Cheek Pouch', 'Gluttony']",/swordshield/pokemon/small/820.png,"['120', '95', '95', '55', '75', '20']"
519,Pidove,/pokedex-swsh/pidove/,['normal'],"['Big Pecks', 'Super Luck', 'Rivalry']",/swordshield/pokemon/small/519.png,"['50', '55', '50', '36', '30', '43']"
520,Tranquill,/pokedex-swsh/tranquill/,['normal'],"['Big Pecks', 'Super Luck', 'Rivalry']",/swordshield/pokemon/small/520.png,"['62', '77', '62', '50', '42', '65']"
521,Unfezant,/pokedex-swsh/unfezant/,['normal'],"['Big Pecks', 'Super Luck', 'Rivalry']",/swordshield/pokemon/small/521.png,"['80', '115', '80', '65', '55', '93']"
827,Nickit,/pokedex-swsh/nickit/,['dark'],"['Run Away', 'Unburden', 'Stakeout']",/swordshield/pokemon/small/827.png,"['40', '28', '28', '47', '52', '50']"
828,Thievul,/pokedex-swsh/thievul/,['dark'],"['Run Away', 'Unburden', 'Stakeout']",/swordshield/pokemon/small/828.png,"['70', '58', '58', '87', '92', '90']"
263-g,Zigzagoon,/pokedex-swsh/zigzagoon/,['dark'],"['Pickup', 'Gluttony', 'Quick Feet']",/swordshield/pokemon/small/263-g.png,"['38', '30', '41', '30', '41', '60']"
264-g,Linoone,/pokedex-swsh/linoone/,['dark'],"['Pickup', 'Gluttony', 'Quick Feet']",/swordshield/pokemon/small/264-g.png,"['78', '70', '61', '50', '61', '100']"
862,Obstagoon,/pokedex-swsh/obstagoon/,['dark'],"['Reckless', 'Guts', 'Defiant']",/swordshield/pokemon/small/862.png,"['93', '90', '101', '60', '81', '95']"
831,Wooloo,/pokedex-swsh/wooloo/,['normal'],"['Fluffy', 'Run Away', 'Bulletproof']",/swordshield/pokemon/small/831.png,"['42', '40', '55', '40', '45', '48']"
832,Dubwool,/pokedex-swsh/dubwool/,['normal'],"['Fluffy', 'Steadfast', 'Bulletproof']",/swordshield/pokemon/small/832.png,"['72', '80', '100', '60', '90', '88']"
270,Lotad,/pokedex-swsh/lotad/,['water'],"['Swift Swim', 'Rain Dish', 'Own Tempo']",/swordshield/pokemon/small/270.png,"['40', '30', '30', '40', '50', '30']"
271,Lombre,/pokedex-swsh/lombre/,['water'],"['Swift Swim', 'Rain Dish', 'Own Tempo']",/swordshield/pokemon/small/271.png,"['60', '50', '50', '60', '70', '50']"
272,Ludicolo,/pokedex-swsh/ludicolo/,['water'],"['Swift Swim', 'Rain Dish', 'Own Tempo']",/swordshield/pokemon/small/272.png,"['80', '70', '70', '90', '100', '70']"
273,Seedot,/pokedex-swsh/seedot/,['grass'],"['Chlorophyll', 'Early Bird', 'Pickpocket']",/swordshield/pokemon/small/273.png,"['40', '40', '50', '30', '30', '30']"
274,Nuzleaf,/pokedex-swsh/nuzleaf/,['grass'],"['Chlorophyll', 'Early Bird', 'Pickpocket']",/swordshield/pokemon/small/274.png,"['70', '70', '40', '60', '40', '60']"
275,Shiftry,/pokedex-swsh/shiftry/,['grass'],"['Chlorophyll', 'Early Bird', 'Pickpocket']",/swordshield/pokemon/small/275.png,"['90', '100', '60', '90', '60', '80']"
833,Chewtle,/pokedex-swsh/chewtle/,['water'],"['Strong Jaw', 'Shell Armor', 'Swift Swim']",/swordshield/pokemon/small/833.png,"['50', '64', '50', '38', '38', '44']"
834,Drednaw,/pokedex-swsh/drednaw/,['water'],"['Strong Jaw', 'Shell Armor', 'Swift Swim']",/swordshield/pokemon/small/834.png,"['90', '115', '90', '48', '68', '74']"
509,Purrloin,/pokedex-swsh/purrloin/,['dark'],"['Limber', 'Unburden', 'Prankster']",/swordshield/pokemon/small/509.png,"['41', '50', '37', '50', '37', '66']"
510,Liepard,/pokedex-swsh/liepard/,['dark'],"['Limber', 'Unburden', 'Prankster']",/swordshield/pokemon/small/510.png,"['64', '88', '50', '88', '50', '106']"
835,Yamper,/pokedex-swsh/yamper/,['electric'],"['Ball Fetch', 'Rattled']",/swordshield/pokemon/small/835.png,"['59', '45', '50', '40', '50', '26']"
836,Boltund,/pokedex-swsh/boltund/,['electric'],"['Strong Jaw', 'Competitive']",/swordshield/pokemon/small/836.png,"['69', '90', '60', '90', '60', '121']"
659,Bunnelby,/pokedex-swsh/bunnelby/,['normal'],"['Pickup', 'Cheek Pouch', 'Huge Power']",/swordshield/pokemon/small/659.png,"['38', '36', '38', '32', '36', '57']"
660,Diggersby,/pokedex-swsh/diggersby/,['normal'],"['Pickup', 'Cheek Pouch', 'Huge Power']",/swordshield/pokemon/small/660.png,"['85', '56', '77', '50', '77', '78']"
572,Minccino,/pokedex-swsh/minccino/,['normal'],"['Cute Charm', 'Technician', 'Skill Link']",/swordshield/pokemon/small/572.png,"['55', '50', '40', '40', '40', '75']"
573,Cinccino,/pokedex-swsh/cinccino/,['normal'],"['Cute Charm', 'Technician', 'Skill Link']",/swordshield/pokemon/small/573.png,"['75', '95', '60', '65', '60', '115']"
761,Bounsweet,/pokedex-swsh/bounsweet/,['grass'],"['Leaf Guard', 'Oblivious', 'Sweet Veil']",/swordshield/pokemon/small/761.png,"['42', '30', '38', '30', '38', '32']"
762,Steenee,/pokedex-swsh/steenee/,['grass'],"['Leaf Guard', 'Oblivious', 'Sweet Veil']",/swordshield/pokemon/small/762.png,"['52', '40', '48', '40', '48', '62']"
763,Tsareena,/pokedex-swsh/tsareena/,['grass'],"['Leaf Guard', 'Queenly Majesty', 'Sweet Veil']",/swordshield/pokemon/small/763.png,"['72', '120', '98', '50', '98', '72']"
043,Oddish,/pokedex-swsh/oddish/,['grass'],"['Chlorophyll', 'Run Away']",/swordshield/pokemon/small/043.png,"['45', '50', '55', '75', '65', '30']"
044,Gloom,/pokedex-swsh/gloom/,['grass'],"['Chlorophyll', 'Stench']",/swordshield/pokemon/small/044.png,"['60', '65', '70', '85', '75', '40']"
045,Vileplume,/pokedex-swsh/vileplume/,['grass'],"['Chlorophyll', 'Effect Spore']",/swordshield/pokemon/small/045.png,"['75', '80', '85', '110', '90', '50']"
182,Bellossom,/pokedex-swsh/bellossom/,['grass'],"['Chlorophyll', 'Healer']",/swordshield/pokemon/small/182.png,"['75', '80', '95', '90', '100', '50']"
406,Budew,/pokedex-swsh/budew/,['grass'],"['Natural Cure', 'Poison Point', 'Leaf Guard']",/swordshield/pokemon/small/406.png,"['40', '30', '35', '50', '70', '55']"
315,Roselia,/pokedex-swsh/roselia/,['grass'],"['Natural Cure', 'Poison Point', 'Leaf Guard']",/swordshield/pokemon/small/315.png,"['50', '60', '45', '100', '80', '65']"
407,Roserade,/pokedex-swsh/roserade/,['grass'],"['Natural Cure', 'Poison Point', 'Technician']",/swordshield/pokemon/small/407.png,"['60', '70', '65', '125', '105', '90']"
278,Wingull,/pokedex-swsh/wingull/,['water'],"['Keen Eye', 'Hydration', 'Rain Dish']",/swordshield/pokemon/small/278.png,"['40', '30', '30', '55', '30', '85']"
279,Pelipper,/pokedex-swsh/pelipper/,['water'],"['Keen Eye', 'Drizzle', 'Rain Dish']",/swordshield/pokemon/small/279.png,"['60', '50', '100', '95', '70', '65']"
595,Joltik,/pokedex-swsh/joltik/,['bug'],"['Compoundeyes', 'Unnerve', 'Swarm']",/swordshield/pokemon/small/595.png,"['50', '47', '50', '57', '50', '65']"
596,Galvantula,/pokedex-swsh/galvantula/,['bug'],"['Compoundeyes', 'Unnerve', 'Swarm']",/swordshield/pokemon/small/596.png,"['70', '77', '60', '97', '60', '108']"
309,Electrike,/pokedex-swsh/electrike/,['electric'],"['Static', 'Lightning Rod', 'Minus']",/swordshield/pokemon/small/309.png,"['40', '45', '40', '65', '40', '65']"
310,Manectric,/pokedex-swsh/manectric/,['electric'],"['Static', 'Lightning Rod', 'Minus']",/swordshield/pokemon/small/310.png,"['70', '75', '60', '105', '60', '105']"
037,Vulpix,/pokedex-swsh/vulpix/,['fire'],"['Flash Fire', 'Drought']",/swordshield/pokemon/small/037.png,"['38', '41', '40', '50', '65', '65']"
038,Ninetales,/pokedex-swsh/ninetales/,['fire'],"['Flash Fire', 'Drought']",/swordshield/pokemon/small/038.png,"['73', '76', '75', '81', '100', '100']"
058,Growlithe,/pokedex-swsh/growlithe/,['fire'],"['Intimidate', 'Flash Fire', 'Justified']",/swordshield/pokemon/small/058.png,"['55', '70', '45', '70', '50', '60']"
059,Arcanine,/pokedex-swsh/arcanine/,['fire'],"['Intimidate', 'Flash Fire', 'Justified']",/swordshield/pokemon/small/059.png,"['90', '110', '80', '100', '80', '95']"
582,Vanillite,/pokedex-swsh/vanillite/,['ice'],"['Ice Body', 'Snow Cloak', 'Weak Armor']",/swordshield/pokemon/small/582.png,"['36', '50', '50', '65', '60', '44']"
583,Vanillish,/pokedex-swsh/vanillish/,['ice'],"['Ice Body', 'Snow Cloak', 'Weak Armor']",/swordshield/pokemon/small/583.png,"['51', '65', '65', '80', '75', '59']"
584,Vanilluxe,/pokedex-swsh/vanilluxe/,['ice'],"['Ice Body', 'Snow Warning', 'Weak Armor']",/swordshield/pokemon/small/584.png,"['71', '95', '85', '110', '95', '79']"
220,Swinub,/pokedex-swsh/swinub/,['ice'],"['Oblivious', 'Snow Cloak', 'Thick Fat']",/swordshield/pokemon/small/220.png,"['50', '50', '40', '30', '30', '50']"
221,Piloswine,/pokedex-swsh/piloswine/,['ice'],"['Oblivious', 'Snow Cloak', 'Thick Fat']",/swordshield/pokemon/small/221.png,"['100', '100', '80', '60', '60', '50']"
473,Mamoswine,/pokedex-swsh/mamoswine/,['ice'],"['Oblivious', 'Snow Cloak', 'Thick Fat']",/swordshield/pokemon/small/473.png,"['110', '130', '80', '70', '60', '80']"
225,Delibird,/pokedex-swsh/delibird/,['ice'],"['Vital Spirit', 'Hustle', 'Insomnia']",/swordshield/pokemon/small/225.png,"['45', '55', '45', '65', '45', '75']"
361,Snorunt,/pokedex-swsh/snorunt/,['ice'],"['Inner Focus', 'Ice Body', 'Moody']",/swordshield/pokemon/small/361.png,"['50', '50', '50', '50', '50', '50']"
362,Glalie,/pokedex-swsh/glalie/,['ice'],"['Inner Focus', 'Ice Body', 'Moody']",/swordshield/pokemon/small/362.png,"['80', '80', '80', '80', '80', '80']"
478,Froslass,/pokedex-swsh/froslass/,['ice'],"['Snow Cloak', 'Cursed Body']",/swordshield/pokemon/small/478.png,"['70', '80', '70', '80', '70', '110']"
343,Baltoy,/pokedex-swsh/baltoy/,['ground'],['Levitate'],/swordshield/pokemon/small/343.png,"['40', '40', '55', '40', '70', '55']"
344,Claydol,/pokedex-swsh/claydol/,['ground'],['Levitate'],/swordshield/pokemon/small/344.png,"['60', '70', '105', '70', '120', '75']"
749,Mudbray,/pokedex-swsh/mudbray/,['ground'],"['Own Tempo', 'Stamina', 'Inner Focus']",/swordshield/pokemon/small/749.png,"['70', '100', '70', '45', '55', '45']"
750,Mudsdale,/pokedex-swsh/mudsdale/,['ground'],"['Own Tempo', 'Stamina', 'Inner Focus']",/swordshield/pokemon/small/750.png,"['100', '125', '100', '55', '85', '35']"
557,Dwebble,/pokedex-swsh/dwebble/,['bug'],"['Sturdy', 'Shell Armor', 'Weak Armor']",/swordshield/pokemon/small/557.png,"['50', '65', '85', '35', '35', '55']"
558,Crustle,/pokedex-swsh/crustle/,['bug'],"['Sturdy', 'Shell Armor', 'Weak Armor']",/swordshield/pokemon/small/558.png,"['70', '105', '125', '65', '75', '45']"
622,Golett,/pokedex-swsh/golett/,['ground'],"['Iron Fist', 'Klutz', 'No Guard']",/swordshield/pokemon/small/622.png,"['59', '74', '50', '35', '50', '35']"
623,Golurk,/pokedex-swsh/golurk/,['ground'],"['Iron Fist', 'Klutz', 'No Guard']",/swordshield/pokemon/small/623.png,"['89', '124', '80', '55', '80', '55']"
517,Munna,/pokedex-swsh/munna/,['psychic'],"['Forewarn', 'Synchronize', 'Telepathy']",/swordshield/pokemon/small/517.png,"['76', '25', '45', '67', '55', '24']"
518,Musharna,/pokedex-swsh/musharna/,['psychic'],"['Forewarn', 'Synchronize', 'Telepathy']",/swordshield/pokemon/small/518.png,"['116', '55', '85', '107', '95', '29']"
177,Natu,/pokedex-swsh/natu/,['psychic'],"['Synchronize', 'Early Bird', 'Magic Bounce']",/swordshield/pokemon/small/177.png,"['40', '50', '45', '70', '45', '70']"
178,Xatu,/pokedex-swsh/xatu/,['psychic'],"['Synchronize', 'Early Bird', 'Magic Bounce']",/swordshield/pokemon/small/178.png,"['65', '75', '70', '95', '70', '95']"
759,Stufful,/pokedex-swsh/stufful/,['normal'],"['Fluffy', 'Klutz', 'Cute Charm']",/swordshield/pokemon/small/759.png,"['70', '75', '50', '45', '50', '50']"
760,Bewear,/pokedex-swsh/bewear/,['normal'],"['Fluffy', 'Klutz', 'Unnerve']",/swordshield/pokemon/small/760.png,"['120', '125', '80', '55', '60', '60']"
459,Snover,/pokedex-swsh/snover/,['grass'],"['Snow Warning', 'Soundproof']",/swordshield/pokemon/small/459.png,"['60', '62', '50', '62', '60', '40']"
460,Abomasnow,/pokedex-swsh/abomasnow/,['grass'],"['Snow Warning', 'Soundproof']",/swordshield/pokemon/small/460.png,"['90', '92', '75', '92', '85', '60']"
098,Krabby,/pokedex-swsh/krabby/,['water'],"['Hyper Cutter', 'Shell Armor', 'Sheer Force']",/swordshield/pokemon/small/098.png,"['30', '105', '90', '25', '25', '50']"
099,Kingler,/pokedex-swsh/kingler/,['water'],"['Hyper Cutter', 'Shell Armor', 'Sheer Force']",/swordshield/pokemon/small/099.png,"['55', '130', '115', '50', '50', '75']"
194,Wooper,/pokedex-swsh/wooper/,['water'],"['Damp', 'Water Absorb', 'Unaware']",/swordshield/pokemon/small/194.png,"['55', '45', '45', '25', '25', '15']"
195,Quagsire,/pokedex-swsh/quagsire/,['water'],"['Damp', 'Water Absorb', 'Unaware']",/swordshield/pokemon/small/195.png,"['95', '85', '85', '65', '65', '35']"
341,Corphish,/pokedex-swsh/corphish/,['water'],"['Hyper Cutter', 'Shell Armor', 'Adaptability']",/swordshield/pokemon/small/341.png,"['43', '80', '65', '50', '35', '35']"
342,Crawdaunt,/pokedex-swsh/crawdaunt/,['water'],"['Hyper Cutter', 'Shell Armor', 'Adaptability']",/swordshield/pokemon/small/342.png,"['63', '120', '85', '90', '55', '55']"
290,Nincada,/pokedex-swsh/nincada/,['bug'],"['Compoundeyes', 'Run Away']",/swordshield/pokemon/small/290.png,"['31', '45', '90', '30', '30', '40']"
291,Ninjask,/pokedex-swsh/ninjask/,['bug'],"['Speed Boost', 'Infiltrator']",/swordshield/pokemon/small/291.png,"['61', '90', '45', '50', '50', '160']"
292,Shedinja,/pokedex-swsh/shedinja/,['bug'],['Wonder Guard'],/swordshield/pokemon/small/292.png,"['1', '90', '45', '30', '30', '40']"
236,Tyrogue,/pokedex-swsh/tyrogue/,['fighting'],"['Guts', 'Steadfast', 'Vital Spirit']",/swordshield/pokemon/small/236.png,"['35', '35', '35', '35', '35', '35']"
106,Hitmonlee,/pokedex-swsh/hitmonlee/,['fighting'],"['Limber', 'Reckless', 'Unburden']",/swordshield/pokemon/small/106.png,"['50', '120', '53', '35', '110', '87']"
107,Hitmonchan,/pokedex-swsh/hitmonchan/,['fighting'],"['Keen Eye', 'Iron Fist', 'Inner Focus']",/swordshield/pokemon/small/107.png,"['50', '105', '79', '35', '110', '76']"
237,Hitmontop,/pokedex-swsh/hitmontop/,['fighting'],"['Intimidate', 'Technician', 'Steadfast']",/swordshield/pokemon/small/237.png,"['50', '95', '95', '35', '110', '70']"
674,Pancham,/pokedex-swsh/pancham/,['fighting'],"['Iron Fist', 'Mold Breaker', 'Scrappy']",/swordshield/pokemon/small/674.png,"['67', '82', '62', '46', '48', '43']"
675,Pangoro,/pokedex-swsh/pangoro/,['fighting'],"['Iron Fist', 'Mold Breaker', 'Scrappy']",/swordshield/pokemon/small/675.png,"['95', '124', '78', '69', '71', '58']"
599,Klink,/pokedex-swsh/klink/,['steel'],"['Plus', 'Minus', 'Clear Body']",/swordshield/pokemon/small/599.png,"['40', '55', '70', '45', '60', '30']"
600,Klang,/pokedex-swsh/klang/,['steel'],"['Plus', 'Minus', 'Clear Body']",/swordshield/pokemon/small/600.png,"['60', '80', '95', '70', '85', '50']"
601,Klinklang,/pokedex-swsh/klinklang/,['steel'],"['Plus', 'Minus', 'Clear Body']",/swordshield/pokemon/small/601.png,"['60', '100', '115', '70', '85', '90']"
415,Combee,/pokedex-swsh/combee/,['bug'],"['Honey Gather', 'Hustle']",/swordshield/pokemon/small/415.png,"['30', '30', '42', '30', '42', '70']"
416,Vespiquen,/pokedex-swsh/vespiquen/,['bug'],"['Pressure', 'Unnerve']",/swordshield/pokemon/small/416.png,"['70', '80', '102', '80', '102', '40']"
436,Bronzor,/pokedex-swsh/bronzor/,['steel'],"['Levitate', 'Heatproof', 'Heavy Metal']",/swordshield/pokemon/small/436.png,"['57', '24', '86', '24', '86', '23']"
437,Bronzong,/pokedex-swsh/bronzong/,['steel'],"['Levitate', 'Heatproof', 'Heavy Metal']",/swordshield/pokemon/small/437.png,"['67', '89', '116', '79', '116', '33']"
280,Ralts,/pokedex-swsh/ralts/,['psychic'],"['Synchronize', 'Trace', 'Telepathy']",/swordshield/pokemon/small/280.png,"['28', '25', '25', '45', '35', '40']"
281,Kirlia,/pokedex-swsh/kirlia/,['psychic'],"['Synchronize', 'Trace', 'Telepathy']",/swordshield/pokemon/small/281.png,"['38', '35', '35', '65', '55', '50']"
282,Gardevoir,/pokedex-swsh/gardevoir/,['psychic'],"['Synchronize', 'Trace', 'Telepathy']",/swordshield/pokemon/small/282.png,"['68', '65', '65', '125', '115', '80']"
475,Gallade,/pokedex-swsh/gallade/,['psychic'],"['Steadfast', 'Justified']",/swordshield/pokemon/small/475.png,"['68', '125', '65', '65', '115', '80']"
425,Drifloon,/pokedex-swsh/drifloon/,['ghost'],"['Aftermath', 'Unburden', 'Flare Boost']",/swordshield/pokemon/small/425.png,"['90', '50', '34', '60', '44', '70']"
426,Drifblim,/pokedex-swsh/drifblim/,['ghost'],"['Aftermath', 'Unburden', 'Flare Boost']",/swordshield/pokemon/small/426.png,"['150', '80', '44', '90', '54', '80']"
829,Gossifleur,/pokedex-swsh/gossifleur/,['grass'],"['Cotton Down', 'Regenerator', 'Effect Spore']",/swordshield/pokemon/small/829.png,"['40', '40', '60', '40', '60', '10']"
830,Eldegoss,/pokedex-swsh/eldegoss/,['grass'],"['Cotton Down', 'Regenerator', 'Effect Spore']",/swordshield/pokemon/small/830.png,"['60', '50', '90', '80', '120', '60']"
420,Cherubi,/pokedex-swsh/cherubi/,['grass'],['Chlorophyll'],/swordshield/pokemon/small/420.png,"['45', '35', '45', '62', '53', '35']"
421,Cherrim,/pokedex-swsh/cherrim/,['grass'],['Flower Gift'],/swordshield/pokemon/small/421.png,"['70', '60', '70', '87', '78', '85']"
434,Stunky,/pokedex-swsh/stunky/,['poison'],"['Stench', 'Aftermath', 'Keen Eye']",/swordshield/pokemon/small/434.png,"['63', '63', '47', '41', '41', '74']"
435,Skuntank,/pokedex-swsh/skuntank/,['poison'],"['Stench', 'Aftermath', 'Keen Eye']",/swordshield/pokemon/small/435.png,"['103', '93', '67', '71', '61', '84']"
535,Tympole,/pokedex-swsh/tympole/,['water'],"['Swift Swim', 'Hydration', 'Water Absorb']",/swordshield/pokemon/small/535.png,"['50', '50', '40', '50', '40', '64']"
536,Palpitoad,/pokedex-swsh/palpitoad/,['water'],"['Swift Swim', 'Hydration', 'Water Absorb']",/swordshield/pokemon/small/536.png,"['75', '65', '55', '65', '55', '69']"
537,Seismitoad,/pokedex-swsh/seismitoad/,['water'],"['Swift Swim', 'Poison Touch', 'Water Absorb']",/swordshield/pokemon/small/537.png,"['105', '95', '75', '85', '75', '74']"
355,Duskull,/pokedex-swsh/duskull/,['ghost'],"['Levitate', 'Frisk']",/swordshield/pokemon/small/355.png,"['20', '40', '90', '30', '90', '25']"
356,Dusclops,/pokedex-swsh/dusclops/,['ghost'],"['Pressure', 'Frisk']",/swordshield/pokemon/small/356.png,"['40', '70', '130', '60', '130', '25']"
477,Dusknoir,/pokedex-swsh/dusknoir/,['ghost'],"['Pressure', 'Frisk']",/swordshield/pokemon/small/477.png,"['45', '100', '135', '65', '135', '45']"
066,Machop,/pokedex-swsh/machop/,['fighting'],"['Guts', 'No Guard', 'Steadfast']",/swordshield/pokemon/small/066.png,"['70', '80', '50', '35', '35', '35']"
067,Machoke,/pokedex-swsh/machoke/,['fighting'],"['Guts', 'No Guard', 'Steadfast']",/swordshield/pokemon/small/067.png,"['80', '100', '70', '50', '60', '45']"
068,Machamp,/pokedex-swsh/machamp/,['fighting'],"['Guts', 'No Guard', 'Steadfast']",/swordshield/pokemon/small/068.png,"['90', '130', '80', '65', '85', '55']"
092,Gastly,/pokedex-swsh/gastly/,['ghost'],['Levitate'],/swordshield/pokemon/small/092.png,"['30', '35', '30', '100', '35', '80']"
093,Haunter,/pokedex-swsh/haunter/,['ghost'],['Levitate'],/swordshield/pokemon/small/093.png,"['45', '50', '45', '115', '55', '95']"
094,Gengar,/pokedex-swsh/gengar/,['ghost'],['Cursed Body'],/swordshield/pokemon/small/094.png,"['60', '65', '60', '130', '75', '110']"
129,Magikarp,/pokedex-swsh/magikarp/,['water'],"['Swift Swim', 'Rattled']",/swordshield/pokemon/small/129.png,"['20', '10', '55', '15', '20', '80']"
130,Gyarados,/pokedex-swsh/gyarados/,['water'],"['Intimidate', 'Moxie']",/swordshield/pokemon/small/130.png,"['95', '125', '79', '60', '100', '81']"
118,Goldeen,/pokedex-swsh/goldeen/,['water'],"['Swift Swim', 'Water Veil', 'Lightning Rod']",/swordshield/pokemon/small/118.png,"['45', '67', '60', '35', '50', '63']"
119,Seaking,/pokedex-swsh/seaking/,['water'],"['Swift Swim', 'Water Veil', 'Lightning Rod']",/swordshield/pokemon/small/119.png,"['80', '92', '65', '65', '80', '68']"
223,Remoraid,/pokedex-swsh/remoraid/,['water'],"['Hustle', 'Sniper', 'Moody']",/swordshield/pokemon/small/223.png,"['35', '65', '35', '65', '35', '65']"
224,Octillery,/pokedex-swsh/octillery/,['water'],"['Suction Cups', 'Sniper', 'Moody']",/swordshield/pokemon/small/224.png,"['75', '105', '75', '105', '75', '45']"
090,Shellder,/pokedex-swsh/shellder/,['water'],"['Shell Armor', 'Skill Link', 'Overcoat']",/swordshield/pokemon/small/090.png,"['30', '65', '100', '45', '25', '40']"
091,Cloyster,/pokedex-swsh/cloyster/,['water'],"['Shell Armor', 'Skill Link', 'Overcoat']",/swordshield/pokemon/small/091.png,"['50', '95', '180', '85', '45', '70']"
349,Feebas,/pokedex-swsh/feebas/,['water'],"['Swift Swim', 'Oblivious', 'Adaptability']",/swordshield/pokemon/small/349.png,"['20', '15', '20', '10', '55', '80']"
350,Milotic,/pokedex-swsh/milotic/,['water'],"['Marvel Scale', 'Competitive', 'Cute Charm']",/swordshield/pokemon/small/350.png,"['95', '60', '79', '100', '125', '81']"
550,Basculin,/pokedex-swsh/basculin/,['water'],"['Reckless', 'Adaptability', 'Mold Breaker']",/swordshield/pokemon/small/550.png,"['70', '92', '65', '80', '55', '98']"
746,Wishiwashi,/pokedex-swsh/wishiwashi/,['water'],['Schooling'],/swordshield/pokemon/small/746.png,"['45', '20', '20', '25', '25', '40']"
771,Pyukumuku,/pokedex-swsh/pyukumuku/,['water'],"['Innards Out', 'Unaware']",/swordshield/pokemon/small/771.png,"['55', '60', '130', '30', '130', '5']"
568,Trubbish,/pokedex-swsh/trubbish/,['poison'],"['Stench', 'Sticky Hold', 'Aftermath']",/swordshield/pokemon/small/568.png,"['50', '50', '62', '40', '62', '65']"
569,Garbodor,/pokedex-swsh/garbodor/,['poison'],"['Stench', 'Weak Armor', 'Aftermath']",/swordshield/pokemon/small/569.png,"['80', '95', '82', '60', '82', '75']"
850,Sizzlipede,/pokedex-swsh/sizzlipede/,['fire'],"['Flash Fire', 'White Smoke', 'Flame Body']",/swordshield/pokemon/small/850.png,"['50', '65', '45', '50', '50', '45']"
851,Centiskorch,/pokedex-swsh/centiskorch/,['fire'],"['Flash Fire', 'White Smoke', 'Flame Body']",/swordshield/pokemon/small/851.png,"['100', '115', '65', '90', '90', '65']"
837,Rolycoly,/pokedex-swsh/rolycoly/,['rock'],"['Steam Engine', 'Heatproof', 'Flash Fire']",/swordshield/pokemon/small/837.png,"['30', '40', '50', '40', '50', '30']"
838,Carkol,/pokedex-swsh/carkol/,['rock'],"['Steam Engine', 'Flame Body', 'Flash Fire']",/swordshield/pokemon/small/838.png,"['80', '60', '90', '60', '70', '50']"
839,Coalossal,/pokedex-swsh/coalossal/,['rock'],"['Steam Engine', 'Flame Body', 'Flash Fire']",/swordshield/pokemon/small/839.png,"['110', '80', '120', '80', '90', '30']"
050,Diglett,/pokedex-swsh/diglett/,['ground'],"['Sand Veil', 'Arena Trap', 'Sand Force']",/swordshield/pokemon/small/050.png,"['10', '55', '25', '35', '45', '95']"
051,Dugtrio,/pokedex-swsh/dugtrio/,['ground'],"['Sand Veil', 'Arena Trap', 'Sand Force']",/swordshield/pokemon/small/051.png,"['35', '100', '50', '50', '70', '120']"
529,Drilbur,/pokedex-swsh/drilbur/,['ground'],"['Sand Rush', 'Sand Force', 'Mold Breaker']",/swordshield/pokemon/small/529.png,"['60', '85', '40', '30', '45', '68']"
530,Excadrill,/pokedex-swsh/excadrill/,['ground'],"['Sand Rush', 'Sand Force', 'Mold Breaker']",/swordshield/pokemon/small/530.png,"['110', '135', '60', '50', '65', '88']"
524,Roggenrola,/pokedex-swsh/roggenrola/,['rock'],"['Sturdy', 'Weak Armor', 'Sand Force']",/swordshield/pokemon/small/524.png,"['55', '75', '85', '25', '25', '15']"
525,Boldore,/pokedex-swsh/boldore/,['rock'],"['Sturdy', 'Weak Armor', 'Sand Force']",/swordshield/pokemon/small/525.png,"['70', '105', '105', '50', '40', '20']"
526,Gigalith,/pokedex-swsh/gigalith/,['rock'],"['Sturdy', 'Sand Stream', 'Sand Force']",/swordshield/pokemon/small/526.png,"['85', '135', '130', '60', '80', '25']"
532,Timburr,/pokedex-swsh/timburr/,['fighting'],"['Guts', 'Sheer Force', 'Iron Fist']",/swordshield/pokemon/small/532.png,"['75', '80', '55', '25', '35', '35']"
533,Gurdurr,/pokedex-swsh/gurdurr/,['fighting'],"['Guts', 'Sheer Force', 'Iron Fist']",/swordshield/pokemon/small/533.png,"['85', '105', '85', '40', '50', '40']"
534,Conkeldurr,/pokedex-swsh/conkeldurr/,['fighting'],"['Guts', 'Sheer Force', 'Iron Fist']",/swordshield/pokemon/small/534.png,"['105', '140', '95', '55', '65', '45']"
527,Woobat,/pokedex-swsh/woobat/,['psychic'],"['Unaware', 'Klutz', 'Simple']",/swordshield/pokemon/small/527.png,"['65', '45', '43', '55', '43', '72']"
528,Swoobat,/pokedex-swsh/swoobat/,['psychic'],"['Unaware', 'Klutz', 'Simple']",/swordshield/pokemon/small/528.png,"['67', '57', '55', '77', '55', '114']"
714,Noibat,/pokedex-swsh/noibat/,['flying'],"['Frisk', 'Infiltrator', 'Telepathy']",/swordshield/pokemon/small/714.png,"['40', '30', '35', '45', '40', '55']"
715,Noivern,/pokedex-swsh/noivern/,['flying'],"['Frisk', 'Infiltrator', 'Telepathy']",/swordshield/pokemon/small/715.png,"['85', '70', '80', '97', '80', '123']"
095,Onix,/pokedex-swsh/onix/,['rock'],"['Rock Head', 'Sturdy', 'Weak Armor']",/swordshield/pokemon/small/095.png,"['35', '45', '160', '30', '45', '70']"
208,Steelix,/pokedex-swsh/steelix/,['steel'],"['Rock Head', 'Sturdy', 'Sheer Force']",/swordshield/pokemon/small/208.png,"['75', '85', '200', '55', '65', '30']"
846,Arrokuda,/pokedex-swsh/arrokuda/,['water'],"['Swift Swim', 'Propeller Tail']",/swordshield/pokemon/small/846.png,"['41', '63', '40', '40', '30', '66']"
847,Barraskewda,/pokedex-swsh/barraskewda/,['water'],"['Swift Swim', 'Propeller Tail']",/swordshield/pokemon/small/847.png,"['61', '123', '60', '60', '50', '136']"
052-g,Meowth,/pokedex-swsh/meowth/,['steel'],"['Pickup', 'Tough Claws', 'Unnerve']",/swordshield/pokemon/small/052-g.png,"['50', '65', '55', '40', '40', '40']"
863,Perrserker,/pokedex-swsh/perrserker/,['steel'],"['Battle Armor', 'Tough Claws', 'Steely Spirit']",/swordshield/pokemon/small/863.png,"['70', '110', '100', '50', '60', '50']"
053,Persian,/pokedex-swsh/persian/,['normal'],"['Limber', 'Technician', 'Unnerve']",/swordshield/pokemon/small/053.png,"['65', '70', '60', '65', '65', '115']"
868,Milcery,/pokedex-swsh/milcery/,['fairy'],"['Sweet Veil', 'Aroma Veil']",/swordshield/pokemon/small/868.png,"['45', '40', '40', '50', '61', '34']"
869,Alcremie,/pokedex-swsh/alcremie/,['fairy'],"['Sweet Veil', 'Aroma Veil']",/swordshield/pokemon/small/869.png,"['65', '60', '75', '110', '121', '64']"
742,Cutiefly,/pokedex-swsh/cutiefly/,['bug'],"['Honey Gather', 'Shield Dust', 'Sweet Veil']",/swordshield/pokemon/small/742.png,"['40', '45', '40', '55', '40', '84']"
743,Ribombee,/pokedex-swsh/ribombee/,['bug'],"['Honey Gather', 'Shield Dust', 'Sweet Veil']",/swordshield/pokemon/small/743.png,"['60', '55', '60', '95', '70', '124']"
597,Ferroseed,/pokedex-swsh/ferroseed/,['grass'],['Iron Barbs'],/swordshield/pokemon/small/597.png,"['44', '50', '91', '24', '86', '10']"
598,Ferrothorn,/pokedex-swsh/ferrothorn/,['grass'],"['Iron Barbs', 'Anticipation']",/swordshield/pokemon/small/598.png,"['74', '94', '131', '54', '116', '20']"
710,Pumpkaboo,/pokedex-swsh/pumpkaboo/,['ghost'],"['Pickup', 'Frisk', 'Insomnia']",/swordshield/pokemon/small/710.png,"['49', '66', '70', '44', '55', '51']"
711,Gourgeist,/pokedex-swsh/gourgeist/,['ghost'],"['Pickup', 'Frisk', 'Insomnia']",/swordshield/pokemon/small/711.png,"['65', '90', '122', '58', '75', '84']"
172,Pichu,/pokedex-swsh/pichu/,['electric'],"['Static', 'Lightning Rod']",/swordshield/pokemon/small/172.png,"['20', '40', '15', '35', '35', '60']"
025,Pikachu,/pokedex-swsh/pikachu/,['electric'],"['Static', 'Lightning Rod']",/swordshield/pokemon/small/025.png,"['35', '55', '40', '50', '50', '90']"
026,Raichu,/pokedex-swsh/raichu/,['electric'],"['Static', 'Lightning Rod']",/swordshield/pokemon/small/026.png,"['60', '90', '55', '90', '80', '110']"
133,Eevee,/pokedex-swsh/eevee/,['normal'],"['Run Away', 'Adaptability', 'Anticipation']",/swordshield/pokemon/small/133.png,"['55', '55', '50', '45', '65', '55']"
134,Vaporeon,/pokedex-swsh/vaporeon/,['water'],"['Water Absorb', 'Hydration']",/swordshield/pokemon/small/134.png,"['130', '65', '60', '110', '95', '65']"
135,Jolteon,/pokedex-swsh/jolteon/,['electric'],"['Volt Absorb', 'Quick Feet']",/swordshield/pokemon/small/135.png,"['65', '65', '60', '110', '95', '130']"
136,Flareon,/pokedex-swsh/flareon/,['fire'],"['Flash Fire', 'Guts']",/swordshield/pokemon/small/136.png,"['65', '130', '60', '95', '110', '65']"
196,Espeon,/pokedex-swsh/espeon/,['psychic'],"['Synchronize', 'Magic Bounce']",/swordshield/pokemon/small/196.png,"['65', '65', '60', '130', '95', '110']"
197,Umbreon,/pokedex-swsh/umbreon/,['dark'],"['Synchronize', 'Inner Focus']",/swordshield/pokemon/small/197.png,"['95', '65', '110', '60', '130', '65']"
470,Leafeon,/pokedex-swsh/leafeon/,['grass'],"['Leaf Guard', 'Chlorophyll']",/swordshield/pokemon/small/470.png,"['65', '110', '130', '60', '65', '95']"
471,Glaceon,/pokedex-swsh/glaceon/,['ice'],"['Snow Cloak', 'Ice Body']",/swordshield/pokemon/small/471.png,"['65', '60', '110', '130', '95', '65']"
700,Sylveon,/pokedex-swsh/sylveon/,['fairy'],"['Cute Charm', 'Pixilate']",/swordshield/pokemon/small/700.png,"['95', '65', '65', '110', '130', '60']"
840,Applin,/pokedex-swsh/applin/,['grass'],"['Ripen', 'Gluttony', 'Bulletproof']",/swordshield/pokemon/small/840.png,"['40', '40', '80', '40', '40', '20']"
841,Flapple,/pokedex-swsh/flapple/,['grass'],"['Ripen', 'Gluttony', 'Hustle']",/swordshield/pokemon/small/841.png,"['70', '110', '80', '95', '60', '70']"
842,Appletun,/pokedex-swsh/appletun/,['grass'],"['Ripen', 'Gluttony', 'Thick Fat']",/swordshield/pokemon/small/842.png,"['110', '85', '80', '100', '80', '30']"
677,Espurr,/pokedex-swsh/espurr/,['psychic'],"['Keen Eye', 'Infiltrator', 'Own Tempo']",/swordshield/pokemon/small/677.png,"['62', '48', '54', '63', '60', '68']"
678,Meowstic,/pokedex-swsh/meowstic/,['psychic'],"['Keen Eye', 'Infiltrator', 'Prankster']",/swordshield/pokemon/small/678.png,"['74', '48', '76', '83', '81', '104']"
684,Swirlix,/pokedex-swsh/swirlix/,['fairy'],"['Sweet Veil', 'Unburden']",/swordshield/pokemon/small/684.png,"['62', '48', '66', '59', '57', '49']"
685,Slurpuff,/pokedex-swsh/slurpuff/,['fairy'],"['Sweet Veil', 'Unburden']",/swordshield/pokemon/small/685.png,"['82', '80', '86', '85', '75', '72']"
682,Spritzee,/pokedex-swsh/spritzee/,['fairy'],"['Healer', 'Aroma Veil']",/swordshield/pokemon/small/682.png,"['78', '52', '60', '63', '65', '23']"
683,Aromatisse,/pokedex-swsh/aromatisse/,['fairy'],"['Healer', 'Aroma Veil']",/swordshield/pokemon/small/683.png,"['101', '72', '72', '99', '89', '29']"
751,Dewpider,/pokedex-swsh/dewpider/,['water'],"['Water Bubble', 'Water Absorb']",/swordshield/pokemon/small/751.png,"['38', '40', '52', '40', '72', '27']"
752,Araquanid,/pokedex-swsh/araquanid/,['water'],"['Water Bubble', 'Water Absorb']",/swordshield/pokemon/small/752.png,"['68', '70', '92', '50', '132', '42']"
360,Wynaut,/pokedex-swsh/wynaut/,['psychic'],"['Shadow Tag', 'Telepathy']",/swordshield/pokemon/small/360.png,"['95', '23', '48', '23', '48', '23']"
202,Wobbuffet,/pokedex-swsh/wobbuffet/,['psychic'],"['Shadow Tag', 'Telepathy']",/swordshield/pokemon/small/202.png,"['190', '33', '58', '33', '58', '33']"
083-g,Farfetch'd,/pokedex-swsh/farfetch'd/,['fighting'],"['Steadfast', 'Scrappy']",/swordshield/pokemon/small/083-g.png,"['52', '95', '55', '58', '62', '55']"
865,Sirfetch'd,/pokedex-swsh/sirfetch'd/,['fighting'],"['Steadfast', 'Scrappy']",/swordshield/pokemon/small/865.png,"['62', '135', '95', '68', '82', '65']"
170,Chinchou,/pokedex-swsh/chinchou/,['water'],"['Volt Absorb', 'Illuminate', 'Water Absorb']",/swordshield/pokemon/small/170.png,"['75', '38', '38', '56', '56', '67']"
171,Lanturn,/pokedex-swsh/lanturn/,['water'],"['Volt Absorb', 'Illuminate', 'Water Absorb']",/swordshield/pokemon/small/171.png,"['125', '58', '58', '76', '76', '67']"
453,Croagunk,/pokedex-swsh/croagunk/,['poison'],"['Anticipation', 'Dry Skin', 'Poison Touch']",/swordshield/pokemon/small/453.png,"['48', '61', '40', '61', '40', '50']"
454,Toxicroak,/pokedex-swsh/toxicroak/,['poison'],"['Anticipation', 'Dry Skin', 'Poison Touch']",/swordshield/pokemon/small/454.png,"['83', '106', '65', '86', '65', '85']"
559,Scraggy,/pokedex-swsh/scraggy/,['dark'],"['Shed Skin', 'Moxie', 'Intimidate']",/swordshield/pokemon/small/559.png,"['50', '75', '70', '35', '70', '48']"
560,Scrafty,/pokedex-swsh/scrafty/,['dark'],"['Shed Skin', 'Moxie', 'Intimidate']",/swordshield/pokemon/small/560.png,"['65', '90', '115', '45', '115', '58']"
618-g,Stunfisk,/pokedex-swsh/stunfisk/,['ground'],['Mimicry'],/swordshield/pokemon/small/618-g.png,"['109', '81', '99', '66', '84', '32']"
213,Shuckle,/pokedex-swsh/shuckle/,['bug'],"['Sturdy', 'Gluttony', 'Contrary']",/swordshield/pokemon/small/213.png,"['20', '10', '230', '10', '230', '5']"
339,Barboach,/pokedex-swsh/barboach/,['water'],"['Oblivious', 'Anticipation', 'Hydration']",/swordshield/pokemon/small/339.png,"['50', '48', '43', '46', '41', '60']"
340,Whiscash,/pokedex-swsh/whiscash/,['water'],"['Oblivious', 'Anticipation', 'Hydration']",/swordshield/pokemon/small/340.png,"['110', '78', '73', '76', '71', '60']"
422,Shellos,/pokedex-swsh/shellos/,['water'],"['Sticky Hold', 'Storm Drain', 'Sand Force']",/swordshield/pokemon/small/422.png,"['76', '48', '48', '57', '62', '34']"
423,Gastrodon,/pokedex-swsh/gastrodon/,['water'],"['Sticky Hold', 'Storm Drain', 'Sand Force']",/swordshield/pokemon/small/423.png,"['111', '83', '68', '92', '82', '39']"
767,Wimpod,/pokedex-swsh/wimpod/,['bug'],['Wimp Out'],/swordshield/pokemon/small/767.png,"['25', '35', '40', '20', '30', '80']"
768,Golisopod,/pokedex-swsh/golisopod/,['bug'],['Emergency Exit'],/swordshield/pokemon/small/768.png,"['75', '125', '140', '60', '90', '40']"
688,Binacle,/pokedex-swsh/binacle/,['rock'],"['Tough Claws', 'Sniper', 'Pickpocket']",/swordshield/pokemon/small/688.png,"['42', '52', '67', '39', '56', '50']"
689,Barbaracle,/pokedex-swsh/barbaracle/,['rock'],"['Tough Claws', 'Sniper', 'Pickpocket']",/swordshield/pokemon/small/689.png,"['72', '105', '115', '54', '86', '68']"
222-g,Corsola,/pokedex-swsh/corsola/,['ghost'],"['Weak Armor', 'Cursed Body']",/swordshield/pokemon/small/222-g.png,"['60', '55', '100', '65', '100', '30']"
864,Cursola,/pokedex-swsh/cursola/,['ghost'],"['Weak Armor', 'Perish Body']",/swordshield/pokemon/small/864.png,"['60', '95', '50', '145', '130', '30']"
859,Impidimp,/pokedex-swsh/impidimp/,['dark'],"['Prankster', 'Frisk', 'Pickpocket']",/swordshield/pokemon/small/859.png,"['45', '45', '30', '55', '40', '50']"
860,Morgrem,/pokedex-swsh/morgrem/,['dark'],"['Prankster', 'Frisk', 'Pickpocket']",/swordshield/pokemon/small/860.png,"['65', '60', '45', '75', '55', '70']"
861,Grimmsnarl,/pokedex-swsh/grimmsnarl/,['dark'],"['Prankster', 'Frisk', 'Pickpocket']",/swordshield/pokemon/small/861.png,"['95', '120', '65', '95', '75', '60']"
856,Hatenna,/pokedex-swsh/hatenna/,['psychic'],"['Healer', 'Anticipation', 'Magic Bounce']",/swordshield/pokemon/small/856.png,"['42', '30', '45', '56', '53', '39']"
857,Hattrem,/pokedex-swsh/hattrem/,['psychic'],"['Healer', 'Anticipation', 'Magic Bounce']",/swordshield/pokemon/small/857.png,"['57', '40', '65', '86', '73', '49']"
858,Hatterene,/pokedex-swsh/hatterene/,['psychic'],"['Healer', 'Anticipation', 'Magic Bounce']",/swordshield/pokemon/small/858.png,"['57', '90', '95', '136', '103', '29']"
757,Salandit,/pokedex-swsh/salandit/,['poison'],"['Corrosion', 'Oblivious']",/swordshield/pokemon/small/757.png,"['48', '44', '40', '71', '40', '77']"
758,Salazzle,/pokedex-swsh/salazzle/,['poison'],"['Corrosion', 'Oblivious']",/swordshield/pokemon/small/758.png,"['68', '64', '60', '111', '60', '117']"
624,Pawniard,/pokedex-swsh/pawniard/,['dark'],"['Defiant', 'Inner Focus', 'Pressure']",/swordshield/pokemon/small/624.png,"['45', '85', '70', '40', '40', '60']"
625,Bisharp,/pokedex-swsh/bisharp/,['dark'],"['Defiant', 'Inner Focus', 'Pressure']",/swordshield/pokemon/small/625.png,"['65', '125', '100', '60', '70', '70']"
538,Throh,/pokedex-swsh/throh/,['fighting'],"['Guts', 'Inner Focus', 'Mold Breaker']",/swordshield/pokemon/small/538.png,"['120', '100', '85', '30', '85', '45']"
539,Sawk,/pokedex-swsh/sawk/,['fighting'],"['Sturdy', 'Inner Focus', 'Mold Breaker']",/swordshield/pokemon/small/539.png,"['75', '125', '75', '30', '75', '85']"
109,Koffing,/pokedex-swsh/koffing/,['poison'],"['Levitate', 'Neutralizing Gas', 'Stench']",/swordshield/pokemon/small/109.png,"['40', '65', '95', '60', '45', '35']"
110-g,Weezing,/pokedex-swsh/weezing/,['poison'],"['Levitate', 'Neutralizing Gas', 'Misty Surge']",/swordshield/pokemon/small/110-g.png,"['65', '90', '120', '85', '70', '60']"
438,Bonsly,/pokedex-swsh/bonsly/,['rock'],"['Sturdy', 'Rock Head', 'Rattled']",/swordshield/pokemon/small/438.png,"['50', '80', '95', '10', '45', '10']"
185,Sudowoodo,/pokedex-swsh/sudowoodo/,['rock'],"['Sturdy', 'Rock Head', 'Rattled']",/swordshield/pokemon/small/185.png,"['70', '100', '115', '30', '65', '30']"
173,Cleffa,/pokedex-swsh/cleffa/,['fairy'],"['Cute Charm', 'Magic Guard', 'Friend Guard']",/swordshield/pokemon/small/173.png,"['50', '25', '28', '45', '55', '15']"
035,Clefairy,/pokedex-swsh/clefairy/,['fairy'],"['Cute Charm', 'Magic Guard', 'Friend Guard']",/swordshield/pokemon/small/035.png,"['70', '45', '48', '60', '65', '35']"
036,Clefable,/pokedex-swsh/clefable/,['fairy'],"['Cute Charm', 'Magic Guard', 'Unaware']",/swordshield/pokemon/small/036.png,"['95', '70', '73', '95', '90', '60']"
175,Togepi,/pokedex-swsh/togepi/,['fairy'],"['Hustle', 'Serene Grace', 'Super Luck']",/swordshield/pokemon/small/175.png,"['35', '20', '65', '40', '65', '20']"
176,Togetic,/pokedex-swsh/togetic/,['fairy'],"['Hustle', 'Serene Grace', 'Super Luck']",/swordshield/pokemon/small/176.png,"['55', '40', '85', '80', '105', '40']"
468,Togekiss,/pokedex-swsh/togekiss/,['fairy'],"['Hustle', 'Serene Grace', 'Super Luck']",/swordshield/pokemon/small/468.png,"['85', '50', '95', '120', '115', '80']"
446,Munchlax,/pokedex-swsh/munchlax/,['normal'],"['Pickup', 'Thick Fat', 'Gluttony']",/swordshield/pokemon/small/446.png,"['135', '85', '40', '40', '85', '5']"
143,Snorlax,/pokedex-swsh/snorlax/,['normal'],"['Immunity', 'Thick Fat', 'Gluttony']",/swordshield/pokemon/small/143.png,"['160', '110', '65', '65', '110', '30']"
546,Cottonee,/pokedex-swsh/cottonee/,['grass'],"['Prankster', 'Infiltrator', 'Chlorophyll']",/swordshield/pokemon/small/546.png,"['40', '27', '60', '37', '50', '66']"
547,Whimsicott,/pokedex-swsh/whimsicott/,['grass'],"['Prankster', 'Infiltrator', 'Chlorophyll']",/swordshield/pokemon/small/547.png,"['60', '67', '85', '77', '75', '116']"
111,Rhyhorn,/pokedex-swsh/rhyhorn/,['ground'],"['Lightning Rod', 'Rock Head', 'Reckless']",/swordshield/pokemon/small/111.png,"['80', '85', '95', '30', '30', '25']"
112,Rhydon,/pokedex-swsh/rhydon/,['ground'],"['Lightning Rod', 'Rock Head', 'Reckless']",/swordshield/pokemon/small/112.png,"['105', '130', '120', '45', '45', '40']"
464,Rhyperior,/pokedex-swsh/rhyperior/,['ground'],"['Lightning Rod', 'Solid Rock', 'Reckless']",/swordshield/pokemon/small/464.png,"['115', '140', '130', '55', '55', '40']"
574,Gothita,/pokedex-swsh/gothita/,['psychic'],"['Frisk', 'Competitive', 'Shadow Tag']",/swordshield/pokemon/small/574.png,"['45', '30', '50', '55', '65', '45']"
575,Gothorita,/pokedex-swsh/gothorita/,['psychic'],"['Frisk', 'Competitive', 'Shadow Tag']",/swordshield/pokemon/small/575.png,"['60', '45', '70', '75', '85', '55']"
576,Gothitelle,/pokedex-swsh/gothitelle/,['psychic'],"['Frisk', 'Competitive', 'Shadow Tag']",/swordshield/pokemon/small/576.png,"['70', '55', '95', '95', '110', '65']"
577,Solosis,/pokedex-swsh/solosis/,['psychic'],"['Overcoat', 'Magic Guard', 'Regenerator']",/swordshield/pokemon/small/577.png,"['45', '30', '40', '105', '50', '20']"
578,Duosion,/pokedex-swsh/duosion/,['psychic'],"['Overcoat', 'Magic Guard', 'Regenerator']",/swordshield/pokemon/small/578.png,"['65', '40', '50', '125', '60', '30']"
579,Reuniclus,/pokedex-swsh/reuniclus/,['psychic'],"['Overcoat', 'Magic Guard', 'Regenerator']",/swordshield/pokemon/small/579.png,"['110', '65', '75', '125', '85', '30']"
588,Karrablast,/pokedex-swsh/karrablast/,['bug'],"['Swarm', 'Shed Skin', 'No Guard']",/swordshield/pokemon/small/588.png,"['50', '75', '45', '40', '45', '60']"
589,Escavalier,/pokedex-swsh/escavalier/,['bug'],"['Swarm', 'Shell Armor', 'Overcoat']",/swordshield/pokemon/small/589.png,"['70', '135', '105', '60', '105', '20']"
616,Shelmet,/pokedex-swsh/shelmet/,['bug'],"['Hydration', 'Shell Armor', 'Overcoat']",/swordshield/pokemon/small/616.png,"['50', '40', '85', '40', '65', '25']"
617,Accelgor,/pokedex-swsh/accelgor/,['bug'],"['Hydration', 'Sticky Hold', 'Unburden']",/swordshield/pokemon/small/617.png,"['80', '70', '40', '100', '60', '145']"
605,Elgyem,/pokedex-swsh/elgyem/,['psychic'],"['Telepathy', 'Synchronize', 'Analytic']",/swordshield/pokemon/small/605.png,"['55', '55', '55', '85', '55', '30']"
606,Beheeyem,/pokedex-swsh/beheeyem/,['psychic'],"['Telepathy', 'Synchronize', 'Analytic']",/swordshield/pokemon/small/606.png,"['75', '75', '75', '125', '95', '40']"
613,Cubchoo,/pokedex-swsh/cubchoo/,['ice'],"['Snow Cloak', 'Slush Rush', 'Rattled']",/swordshield/pokemon/small/613.png,"['55', '70', '40', '60', '40', '40']"
614,Beartic,/pokedex-swsh/beartic/,['ice'],"['Snow Cloak', 'Slush Rush', 'Swift Swim']",/swordshield/pokemon/small/614.png,"['95', '130', '80', '70', '80', '50']"
627,Rufflet,/pokedex-swsh/rufflet/,['normal'],"['Keen Eye', 'Sheer Force', 'Hustle']",/swordshield/pokemon/small/627.png,"['70', '83', '50', '37', '50', '60']"
628,Braviary,/pokedex-swsh/braviary/,['normal'],"['Keen Eye', 'Sheer Force', 'Defiant']",/swordshield/pokemon/small/628.png,"['100', '123', '75', '57', '75', '80']"
629,Vullaby,/pokedex-swsh/vullaby/,['dark'],"['Big Pecks', 'Overcoat', 'Weak Armor']",/swordshield/pokemon/small/629.png,"['70', '55', '75', '45', '65', '60']"
630,Mandibuzz,/pokedex-swsh/mandibuzz/,['dark'],"['Big Pecks', 'Overcoat', 'Weak Armor']",/swordshield/pokemon/small/630.png,"['110', '65', '105', '55', '95', '80']"
451,Skorupi,/pokedex-swsh/skorupi/,['poison'],"['Battle Armor', 'Sniper', 'Keen Eye']",/swordshield/pokemon/small/451.png,"['40', '50', '90', '30', '55', '65']"
452,Drapion,/pokedex-swsh/drapion/,['poison'],"['Battle Armor', 'Sniper', 'Keen Eye']",/swordshield/pokemon/small/452.png,"['70', '90', '110', '60', '75', '95']"
607,Litwick,/pokedex-swsh/litwick/,['ghost'],"['Flash Fire', 'Flame Body', 'Infiltrator']",/swordshield/pokemon/small/607.png,"['50', '30', '55', '65', '55', '20']"
608,Lampent,/pokedex-swsh/lampent/,['ghost'],"['Flash Fire', 'Flame Body', 'Infiltrator']",/swordshield/pokemon/small/608.png,"['60', '40', '60', '95', '60', '55']"
609,Chandelure,/pokedex-swsh/chandelure/,['ghost'],"['Flash Fire', 'Flame Body', 'Infiltrator']",/swordshield/pokemon/small/609.png,"['60', '55', '90', '145', '90', '80']"
686,Inkay,/pokedex-swsh/inkay/,['dark'],"['Contrary', 'Suction Cups', 'Infiltrator']",/swordshield/pokemon/small/686.png,"['53', '54', '53', '37', '46', '45']"
687,Malamar,/pokedex-swsh/malamar/,['dark'],"['Contrary', 'Suction Cups', 'Infiltrator']",/swordshield/pokemon/small/687.png,"['86', '92', '88', '68', '75', '73']"
215,Sneasel,/pokedex-swsh/sneasel/,['dark'],"['Inner Focus', 'Keen Eye', 'Pickpocket']",/swordshield/pokemon/small/215.png,"['55', '95', '55', '35', '75', '115']"
461,Weavile,/pokedex-swsh/weavile/,['dark'],"['Pressure', 'Pickpocket']",/swordshield/pokemon/small/461.png,"['70', '120', '65', '45', '85', '125']"
302,Sableye,/pokedex-swsh/sableye/,['dark'],"['Keen Eye', 'Stall', 'Prankster']",/swordshield/pokemon/small/302.png,"['50', '75', '75', '65', '65', '50']"
303,Mawile,/pokedex-swsh/mawile/,['steel'],"['Hyper Cutter', 'Intimidate', 'Sheer Force']",/swordshield/pokemon/small/303.png,"['50', '85', '85', '55', '55', '50']"
556,Maractus,/pokedex-swsh/maractus/,['grass'],"['Water Absorb', 'Chlorophyll', 'Storm Drain']",/swordshield/pokemon/small/556.png,"['75', '86', '67', '106', '67', '60']"
561,Sigilyph,/pokedex-swsh/sigilyph/,['psychic'],"['Wonder Skin ', 'Magic Guard', 'Tinted Lens']",/swordshield/pokemon/small/561.png,"['72', '58', '80', '103', '80', '97']"
447,Riolu,/pokedex-swsh/riolu/,['fighting'],"['Steadfast', 'Inner Focus', 'Prankster']",/swordshield/pokemon/small/447.png,"['40', '70', '40', '35', '40', '60']"
448,Lucario,/pokedex-swsh/lucario/,['fighting'],"['Steadfast', 'Inner Focus', 'Justified']",/swordshield/pokemon/small/448.png,"['70', '110', '70', '115', '70', '90']"
324,Torkoal,/pokedex-swsh/torkoal/,['fire'],"['White Smoke', 'Drought', 'Shell Armor']",/swordshield/pokemon/small/324.png,"['70', '85', '140', '85', '70', '20']"
778,Mimikyu,/pokedex-swsh/mimikyu/,['ghost'],['Disguise'],/swordshield/pokemon/small/778.png,"['55', '90', '80', '50', '105', '96']"
878,Cufant,/pokedex-swsh/cufant/,['steel'],"['Sheer Force', 'Heavy Metal']",/swordshield/pokemon/small/878.png,"['72', '80', '49', '40', '49', '40']"
879,Copperajah,/pokedex-swsh/copperajah/,['steel'],"['Sheer Force', 'Heavy Metal']",/swordshield/pokemon/small/879.png,"['122', '130', '69', '80', '69', '30']"
211,Qwilfish,/pokedex-swsh/qwilfish/,['water'],"['Poison Point', 'Swift Swim', 'Intimidate']",/swordshield/pokemon/small/211.png,"['65', '95', '85', '55', '55', '85']"
592,Frillish,/pokedex-swsh/frillish/,['water'],"['Water Absorb', 'Cursed Body', 'Damp']",/swordshield/pokemon/small/592.png,"['55', '40', '50', '65', '85', '40']"
593,Jellicent,/pokedex-swsh/jellicent/,['water'],"['Water Absorb', 'Cursed Body', 'Damp']",/swordshield/pokemon/small/593.png,"['100', '60', '70', '85', '105', '60']"
747,Mareanie,/pokedex-swsh/mareanie/,['poison'],"['Merciless', 'Limber', 'Regenerator']",/swordshield/pokemon/small/747.png,"['50', '53', '62', '43', '52', '45']"
748,Toxapex,/pokedex-swsh/toxapex/,['poison'],"['Merciless', 'Limber', 'Regenerator']",/swordshield/pokemon/small/748.png,"['50', '63', '152', '53', '142', '35']"
845,Cramorant,/pokedex-swsh/cramorant/,['flying'],['Gulp Missile'],/swordshield/pokemon/small/845.png,"['70', '85', '55', '85', '95', '85']"
848,Toxel,/pokedex-swsh/toxel/,['electric'],"['Rattled', 'Static', 'Klutz']",/swordshield/pokemon/small/848.png,"['40', '38', '35', '54', '35', '40']"
849,Toxtricity,/pokedex-swsh/toxtricity/,['electric'],"['Punk Rock', 'Plus', 'Technician']",/swordshield/pokemon/small/849.png,"['75', '98', '70', '114', '70', '75']"
843,Silicobra,/pokedex-swsh/silicobra/,['ground'],"['Sand Spit', 'Shed Skin', 'Sand Veil']",/swordshield/pokemon/small/843.png,"['52', '57', '75', '35', '50', '46']"
844,Sandaconda,/pokedex-swsh/sandaconda/,['ground'],"['Sand Spit', 'Shed Skin', 'Sand Veil']",/swordshield/pokemon/small/844.png,"['72', '107', '125', '65', '70', '71']"
449,Hippopotas,/pokedex-swsh/hippopotas/,['ground'],"['Sand Stream', 'Sand Force']",/swordshield/pokemon/small/449.png,"['68', '72', '78', '38', '42', '32']"
450,Hippowdon,/pokedex-swsh/hippowdon/,['ground'],"['Sand Stream', 'Sand Force']",/swordshield/pokemon/small/450.png,"['108', '112', '118', '68', '72', '47']"
632,Durant,/pokedex-swsh/durant/,['bug'],"['Swarm', 'Hustle', 'Truant']",/swordshield/pokemon/small/632.png,"['58', '109', '112', '48', '48', '109']"
631,Heatmor,/pokedex-swsh/heatmor/,['fire'],"['Gluttony', 'Flash Fire', 'White Smoke']",/swordshield/pokemon/small/631.png,"['85', '97', '66', '105', '66', '65']"
694,Helioptile,/pokedex-swsh/helioptile/,['electric'],"['Dry Skin', 'Sand Veil', 'Solar Power']",/swordshield/pokemon/small/694.png,"['44', '38', '33', '61', '43', '70']"
695,Heliolisk,/pokedex-swsh/heliolisk/,['electric'],"['Dry Skin', 'Sand Veil', 'Solar Power']",/swordshield/pokemon/small/695.png,"['62', '55', '52', '109', '94', '109']"
701,Hawlucha,/pokedex-swsh/hawlucha/,['fighting'],"['Limber', 'Unburden', 'Mold Breaker']",/swordshield/pokemon/small/701.png,"['78', '92', '75', '74', '63', '118']"
328,Trapinch,/pokedex-swsh/trapinch/,['ground'],"['Hyper Cutter', 'Arena Trap', 'Sheer Force']",/swordshield/pokemon/small/328.png,"['45', '100', '45', '45', '45', '10']"
329,Vibrava,/pokedex-swsh/vibrava/,['ground'],['Levitate'],/swordshield/pokemon/small/329.png,"['50', '70', '50', '50', '50', '70']"
330,Flygon,/pokedex-swsh/flygon/,['ground'],['Levitate'],/swordshield/pokemon/small/330.png,"['80', '100', '80', '80', '80', '100']"
610,Axew,/pokedex-swsh/axew/,['dragon'],"['Rivalry', 'Mold Breaker', 'Unnerve']",/swordshield/pokemon/small/610.png,"['46', '87', '60', '30', '40', '57']"
611,Fraxure,/pokedex-swsh/fraxure/,['dragon'],"['Rivalry', 'Mold Breaker', 'Unnerve']",/swordshield/pokemon/small/611.png,"['66', '117', '70', '40', '50', '67']"
612,Haxorus,/pokedex-swsh/haxorus/,['dragon'],"['Rivalry', 'Mold Breaker', 'Unnerve']",/swordshield/pokemon/small/612.png,"['76', '147', '90', '60', '70', '97']"
562-g,Yamask,/pokedex-swsh/yamask/,['ground'],['Wandering Spirit'],/swordshield/pokemon/small/562-g.png,"['38', '55', '85', '30', '65', '30']"
867,Runerigus,/pokedex-swsh/runerigus/,['ground'],['Wandering Spirit'],/swordshield/pokemon/small/867.png,"['58', '95', '145', '50', '105', '30']"
563,Cofagrigus,/pokedex-swsh/cofagrigus/,['ghost'],['Mummy'],/swordshield/pokemon/small/563.png,"['58', '50', '145', '95', '105', '30']"
679,Honedge,/pokedex-swsh/honedge/,['steel'],['No Guard'],/swordshield/pokemon/small/679.png,"['45', '80', '100', '35', '37', '28']"
680,Doublade,/pokedex-swsh/doublade/,['steel'],['No Guard'],/swordshield/pokemon/small/680.png,"['59', '110', '150', '45', '49', '35']"
681,Aegislash,/pokedex-swsh/aegislash/,['steel'],['Stance Change'],/swordshield/pokemon/small/681.png,"['60', '50', '140', '50', '140', '60']"
077-g,Ponyta,/pokedex-swsh/ponyta/,['psychic'],"['Run Away', 'Pastel Veil', 'Anticipation']",/swordshield/pokemon/small/077-g.png,"['50', '85', '55', '65', '65', '90']"
078-g,Rapidash,/pokedex-swsh/rapidash/,['psychic'],"['Run Away', 'Pastel Veil', 'Anticipation']",/swordshield/pokemon/small/078-g.png,"['65', '100', '70', '80', '80', '105']"
854,Sinistea,/pokedex-swsh/sinistea/,['ghost'],"['Weak Armor', 'Cursed Body']",/swordshield/pokemon/small/854.png,"['40', '45', '45', '74', '54', '50']"
855,Polteageist,/pokedex-swsh/polteageist/,['ghost'],"['Weak Armor', 'Cursed Body']",/swordshield/pokemon/small/855.png,"['60', '65', '65', '134', '114', '70']"
876,Indeedee,/pokedex-swsh/indeedee/,['psychic'],"['Inner Focus', 'Synchronize', 'Psychic Surge']",/swordshield/pokemon/small/876.png,"['60', '65', '55', '105', '95', '95']"
708,Phantump,/pokedex-swsh/phantump/,['ghost'],"['Natural Cure', 'Frisk', 'Harvest']",/swordshield/pokemon/small/708.png,"['43', '70', '48', '50', '60', '38']"
709,Trevenant,/pokedex-swsh/trevenant/,['ghost'],"['Natural Cure', 'Frisk', 'Harvest']",/swordshield/pokemon/small/709.png,"['85', '110', '76', '65', '82', '56']"
755,Morelull,/pokedex-swsh/morelull/,['grass'],"['Illuminate', 'Effect Spore', 'Rain Dish']",/swordshield/pokemon/small/755.png,"['40', '35', '55', '65', '75', '15']"
756,Shiinotic,/pokedex-swsh/shiinotic/,['grass'],"['Illuminate', 'Effect Spore', 'Rain Dish']",/swordshield/pokemon/small/756.png,"['60', '45', '80', '90', '100', '30']"
765,Oranguru,/pokedex-swsh/oranguru/,['normal'],"['Inner Focus', 'Telepathy', 'Symbiosis']",/swordshield/pokemon/small/765.png,"['90', '60', '80', '90', '110', '60']"
766,Passimian,/pokedex-swsh/passimian/,['fighting'],"['Receiver', 'Defiant']",/swordshield/pokemon/small/766.png,"['100', '120', '90', '40', '60', '80']"
877,Morpeko,/pokedex-swsh/morpeko/,['electric'],['Hunger Switch'],/swordshield/pokemon/small/877.png,"['58', '95', '58', '70', '58', '97']"
870,Falinks,/pokedex-swsh/falinks/,['fighting'],"['Battle Armor', 'Defiant']",/swordshield/pokemon/small/870.png,"['65', '100', '100', '70', '60', '75']"
780,Drampa,/pokedex-swsh/drampa/,['normal'],"['Berserk', 'Sap Sipper', 'Cloud Nine']",/swordshield/pokemon/small/780.png,"['78', '60', '85', '135', '91', '36']"
776,Turtonator,/pokedex-swsh/turtonator/,['fire'],['Shell Armor'],/swordshield/pokemon/small/776.png,"['60', '78', '135', '91', '85', '36']"
777,Togedemaru,/pokedex-swsh/togedemaru/,['electric'],"['Iron Barbs', 'Lightning Rod', 'Sturdy']",/swordshield/pokemon/small/777.png,"['65', '98', '63', '40', '73', '96']"
872,Snom,/pokedex-swsh/snom/,['ice'],"['Shield Dust', 'Ice Scales']",/swordshield/pokemon/small/872.png,"['30', '25', '35', '45', '30', '20']"
873,Frosmoth,/pokedex-swsh/frosmoth/,['ice'],"['Shield Dust', 'Ice Scales']",/swordshield/pokemon/small/873.png,"['70', '65', '60', '125', '90', '65']"
852,Clobbopus,/pokedex-swsh/clobbopus/,['fighting'],"['Limber', 'Technician']",/swordshield/pokemon/small/852.png,"['50', '68', '60', '50', '50', '32']"
853,Grapploct,/pokedex-swsh/grapploct/,['fighting'],"['Limber', 'Technician']",/swordshield/pokemon/small/853.png,"['80', '118', '90', '70', '80', '42']"
871,Pincurchin,/pokedex-swsh/pincurchin/,['electric'],"['Lightning Rod', 'Electric Surge']",/swordshield/pokemon/small/871.png,"['48', '101', '95', '91', '85', '15']"
458,Mantyke,/pokedex-swsh/mantyke/,['water'],"['Swift Swim', 'Water Absorb', 'Water Veil']",/swordshield/pokemon/small/458.png,"['45', '20', '50', '60', '120', '50']"
226,Mantine,/pokedex-swsh/mantine/,['water'],"['Swift Swim', 'Water Absorb', 'Water Veil']",/swordshield/pokemon/small/226.png,"['85', '40', '70', '80', '140', '70']"
320,Wailmer,/pokedex-swsh/wailmer/,['water'],"['Water Veil', 'Oblivious', 'Pressure']",/swordshield/pokemon/small/320.png,"['130', '70', '35', '70', '35', '60']"
321,Wailord,/pokedex-swsh/wailord/,['water'],"['Water Veil', 'Oblivious', 'Pressure']",/swordshield/pokemon/small/321.png,"['170', '90', '45', '90', '45', '60']"
712,Bergmite,/pokedex-swsh/bergmite/,['ice'],"['Own Tempo', 'Ice Body', 'Sturdy']",/swordshield/pokemon/small/712.png,"['55', '69', '85', '32', '35', '28']"
713,Avalugg,/pokedex-swsh/avalugg/,['ice'],"['Own Tempo', 'Ice Body', 'Sturdy']",/swordshield/pokemon/small/713.png,"['95', '117', '184', '44', '46', '28']"
781,Dhelmise,/pokedex-swsh/dhelmise/,['ghost'],['Steelworker'],/swordshield/pokemon/small/781.png,"['70', '131', '100', '86', '90', '40']"
131,Lapras,/pokedex-swsh/lapras/,['water'],"['Water Absorb', 'Shell Armor', 'Hydration']",/swordshield/pokemon/small/131.png,"['130', '85', '80', '85', '95', '60']"
337,Lunatone,/pokedex-swsh/lunatone/,['rock'],['Levitate'],/swordshield/pokemon/small/337.png,"['90', '55', '65', '95', '85', '70']"
338,Solrock,/pokedex-swsh/solrock/,['rock'],['Levitate'],/swordshield/pokemon/small/338.png,"['90', '95', '85', '55', '65', '70']"
439,Mime Jr.,/pokedex-swsh/mimejr./,['psychic'],"['Soundproof', 'Filter', 'Technician']",/swordshield/pokemon/small/439.png,"['20', '25', '45', '70', '90', '60']"
122-g,Mr. Mime,/pokedex-swsh/mr.mime/,['ice'],"['Vital Spirit', 'Screen Cleaner', 'Ice Body']",/swordshield/pokemon/small/122-g.png,"['50', '65', '65', '90', '90', '100']"
866,Mr. Rime,/pokedex-swsh/mr.rime/,['ice'],"['Tangled Feet', 'Screen Cleaner', 'Ice Body']",/swordshield/pokemon/small/866.png,"['80', '85', '75', '110', '100', '70']"
554-g,Darumaka,/pokedex-swsh/darumaka/,['ice'],"['Hustle', 'Inner Focus']",/swordshield/pokemon/small/554-g.png,"['70', '90', '45', '15', '45', '50']"
555-g,Darmanitan,/pokedex-swsh/darmanitan/,['ice'],"['Gorilla Tactics', 'Zen Mode']",/swordshield/pokemon/small/555-g.png,"['105', '140', '55', '30', '55', '95']"
874,Stonjourner,/pokedex-swsh/stonjourner/,['rock'],['Power Spot'],/swordshield/pokemon/small/874.png,"['100', '125', '135', '20', '20', '70']"
875,Eiscue,/pokedex-swsh/eiscue/,['ice'],['Ice Face'],/swordshield/pokemon/small/875.png,"['75', '80', '110', '65', '90', '50']"
884,Duraludon,/pokedex-swsh/duraludon/,['steel'],"['Light Metal', 'Heavy Metal', 'Stalwart']",/swordshield/pokemon/small/884.png,"['70', '95', '115', '120', '50', '85']"
479,Rotom,/pokedex-swsh/rotom/,['electric'],['Levitate'],/swordshield/pokemon/small/479.png,"['50', '50', '77', '95', '77', '91']"
132,Ditto,/pokedex-swsh/ditto/,['normal'],"['Limber', 'Imposter']",/swordshield/pokemon/small/132.png,"['48', '48', '48', '48', '48', '48']"
880,Dracozolt,/pokedex-swsh/dracozolt/,['electric'],"['Volt Absorb', 'Hustle', 'Sand Rush']",/swordshield/pokemon/small/880.png,"['90', '100', '90', '80', '70', '75']"
881,Arctozolt,/pokedex-swsh/arctozolt/,['electric'],"['Volt Absorb', 'Static', 'Slush Rush']",/swordshield/pokemon/small/881.png,"['90', '100', '90', '90', '80', '55']"
882,Dracovish,/pokedex-swsh/dracovish/,['water'],"['Water Absorb', 'Strong Jaw', 'Sand Rush']",/swordshield/pokemon/small/882.png,"['90', '90', '100', '70', '80', '75']"
883,Arctovish,/pokedex-swsh/arctovish/,['water'],"['Water Absorb', 'Ice Body', 'Slush Rush']",/swordshield/pokemon/small/883.png,"['90', '90', '100', '80', '90', '55']"
004,Charmander,/pokedex-swsh/charmander/,['fire'],"['Blaze', 'Solar Power']",/swordshield/pokemon/small/004.png,"['39', '52', '43', '60', '50', '65']"
005,Charmeleon,/pokedex-swsh/charmeleon/,['fire'],"['Blaze', 'Solar Power']",/swordshield/pokemon/small/005.png,"['58', '64', '58', '80', '65', '80']"
006,Charizard,/pokedex-swsh/charizard/,['fire'],"['Blaze', 'Solar Power']",/swordshield/pokemon/small/006.png,"['78', '84', '78', '109', '85', '100']"
772,Type: Null,/pokedex-swsh/type:null/,['normal'],['Battle Armor'],/swordshield/pokemon/small/772.png,"['95', '95', '95', '95', '95', '59']"
773,Silvally,/pokedex-swsh/silvally/,['normal'],['RKS System'],/swordshield/pokemon/small/773.png,"['95', '95', '95', '95', '95', '95']"
246,Larvitar,/pokedex-swsh/larvitar/,['rock'],"['Guts', 'Sand Veil']",/swordshield/pokemon/small/246.png,"['50', '64', '50', '45', '50', '41']"
247,Pupitar,/pokedex-swsh/pupitar/,['rock'],['Shed Skin'],/swordshield/pokemon/small/247.png,"['70', '84', '70', '65', '70', '51']"
248,Tyranitar,/pokedex-swsh/tyranitar/,['rock'],"['Sand Stream', 'Unnerve']",/swordshield/pokemon/small/248.png,"['100', '134', '110', '95', '100', '61']"
633,Deino,/pokedex-swsh/deino/,['dark'],['Hustle'],/swordshield/pokemon/small/633.png,"['52', '65', '50', '45', '50', '38']"
634,Zweilous,/pokedex-swsh/zweilous/,['dark'],['Hustle'],/swordshield/pokemon/small/634.png,"['72', '85', '70', '65', '70', '58']"
635,Hydreigon,/pokedex-swsh/hydreigon/,['dark'],['Levitate'],/swordshield/pokemon/small/635.png,"['92', '105', '90', '125', '90', '98']"
704,Goomy,/pokedex-swsh/goomy/,['dragon'],"['Sap Sipper', 'Hydration', 'Gooey']",/swordshield/pokemon/small/704.png,"['45', '50', '35', '55', '75', '40']"
705,Sliggoo,/pokedex-swsh/sliggoo/,['dragon'],"['Sap Sipper', 'Hydration', 'Gooey']",/swordshield/pokemon/small/705.png,"['68', '75', '53', '83', '113', '60']"
706,Goodra,/pokedex-swsh/goodra/,['dragon'],"['Sap Sipper', 'Hydration', 'Gooey']",/swordshield/pokemon/small/706.png,"['90', '100', '70', '110', '150', '80']"
782,Jangmo-o,/pokedex-swsh/jangmo-o/,['dragon'],"['Bulletproof', 'Soundproof', 'Overcoat']",/swordshield/pokemon/small/782.png,"['45', '55', '65', '45', '45', '45']"
783,Hakamo-o,/pokedex-swsh/hakamo-o/,['dragon'],"['Bulletproof', 'Soundproof', 'Overcoat']",/swordshield/pokemon/small/783.png,"['55', '75', '90', '65', '70', '65']"
784,Kommo-o,/pokedex-swsh/kommo-o/,['dragon'],"['Bulletproof', 'Soundproof', 'Overcoat']",/swordshield/pokemon/small/784.png,"['75', '110', '125', '100', '105', '85']"
885,Dreepy,/pokedex-swsh/dreepy/,['dragon'],"['Clear Body', 'Infiltrator', 'Cursed Body']",/swordshield/pokemon/small/885.png,"['28', '60', '30', '40', '30', '82']"
886,Drakloak,/pokedex-swsh/drakloak/,['dragon'],"['Clear Body', 'Infiltrator', 'Cursed Body']",/swordshield/pokemon/small/886.png,"['68', '80', '50', '60', '50', '102']"
887,Dragapult,/pokedex-swsh/dragapult/,['dragon'],"['Clear Body', 'Infiltrator', 'Cursed Body']",/swordshield/pokemon/small/887.png,"['88', '120', '75', '100', '75', '142']"
888,Zacian,/pokedex-swsh/zacian/,['fairy'],['Intrepid Sword'],/swordshield/pokemon/small/888.png,"['92', '130', '115', '80', '115', '138']"
889,Zamazenta,/pokedex-swsh/zamazenta/,['fighting'],['Dauntless Shield'],/swordshield/pokemon/small/889.png,"['92', '130', '115', '80', '115', '138']"
